{
  "project_info": {
    "project_number": "774935076004",
    "project_id": "khabri-420-60a1e",
    "storage_bucket": "khabri-420-60a1e.appspot.com"
  },
  "client": [
    {
      "client_info": {
        "mobilesdk_app_id": "1:774935076004:android:ef4f78ff610ac200b79a31",
        "android_client_info": {
          "package_name": "com.example.newsapp"
        }
      },
      "oauth_client": [
        {
          "client_id": "774935076004-fqkdouknercrrrplaev8h3ce8rc0lomq.apps.googleusercontent.com",
          "client_type": 3
        }
      ],
      "api_key": [
        {
          "current_key": "AIzaSyAaesv9WYysBvRzPdRTpzBv8-wDWC-xilw"
        }
      ],
      "services": {
        "appinvite_service": {
          "other_platform_oauth_client": [
            {
              "client_id": "774935076004-fqkdouknercrrrplaev8h3ce8rc0lomq.apps.googleusercontent.com",
              "client_type": 3
            }
          ]
        }
      }
    }
  ],
  "configuration_version": "1"
}